<!--****** MONITORED HOSTS ******-->
<monitored-host-system host-name="" load-generator="false" uid="NeoLoad">
    <embedded-action>c20d40b0-7c62-37ca-b5ce-4731ebd66051</embedded-action>
</monitored-host-system>
<!--****** END MONITORED HOSTS ******-->
<!--****** MONITOR CONNECTIONS ******-->
<connection-system interval="1000" name="NeoLoad" server-port="0" uid="c20d40b0-7c62-37ca-b5ce-4731ebd66051">
    <monitor-category name="Default" short-display-name="Default">
        <monitor-wrapped-statistic callTime="ON_BENCH" computing="0"
            format="NUMBER" name="UserLoad" sampling="0" unit=""/>
        <monitor-wrapped-statistic callTime="ON_BENCH" computing="0"
            format="NUMBER" name="throughput" sampling="0" unit="Mb/s"/>
        <monitor-wrapped-statistic callTime="ON_BENCH" computing="0"
            format="NUMBER" name="Alerts" sampling="0" unit=""/>
        <monitor-wrapped-statistic callTime="ON_BENCH" computing="0"
            format="NUMBER" name="CriticalAlerts" sampling="0" unit=""/>
        <monitor-wrapped-statistic callTime="ON_BENCH" computing="0"
            format="NUMBER" name="WarningAlerts" sampling="0" unit=""/>
        <monitor-wrapped-statistic callTime="ON_BENCH" computing="0"
            format="NUMBER" name="cpu" sampling="0"
            threshold="21f2ac02-a6c3-44ed-b15a-0a20f774194c" unit="%"/>
        <monitor-wrapped-statistic callTime="ON_BENCH" computing="0"
            format="NUMBER" name="memory" sampling="0"
            threshold="5f635b6a-8b59-4221-a5c9-acb7e115326a" unit="%"/>
        <monitor-wrapped-statistic callTime="ON_BENCH" computing="0"
            format="NUMBER" name="threadcount" sampling="0" unit=""/>
        <monitor-category name="Load Generator Connections" short-display-name="Load Generator Connections">
            <monitor-wrapped-statistic callTime="ON_BENCH" computing="0"
                format="NUMBER" name="connectedlg" sampling="0" unit=""/>
            <monitor-wrapped-statistic callTime="ON_BENCH" computing="0"
                format="NUMBER" name="totallgdisconnections"
                sampling="0"
                threshold="e04d96bd-f8f0-49ef-9899-f2a764363128" unit=""/>
            <monitor-wrapped-statistic callTime="ON_BENCH" computing="0"
                format="NUMBER" name="totallgreconnections" sampling="0" unit=""/>
        </monitor-category>
        <monitor-category name="Network" short-display-name="Network">
            <monitor-wrapped-statistic callTime="ON_BENCH" computing="0"
                format="NUMBER" name="otcp.NeoLoad" sampling="0" unit=""/>
            <monitor-wrapped-statistic callTime="ON_BENCH" computing="0"
                format="NUMBER" name="tcp.NeoLoad" sampling="0" unit=""/>
            <monitor-category name="eth6 (Dell GigabitEthernet)" short-display-name="eth6 (Dell GigabitEthernet)">
                <monitor-wrapped-statistic callTime="ON_BENCH"
                    computing="0" format="NUMBER"
                    name="ibytesperinterface~NeoLoad~eth6" sampling="0" unit="Mb/s"/>
                <monitor-wrapped-statistic callTime="ON_BENCH"
                    computing="0" format="NUMBER"
                    name="obytesperinterface~NeoLoad~eth6" sampling="0" unit="Mb/s"/>
            </monitor-category>
            <monitor-category name="eth4 (TAP-Windows Adapter V9)" short-display-name="eth4 (TAP-Windows Adapter V9)">
                <monitor-wrapped-statistic callTime="ON_BENCH"
                    computing="0" format="NUMBER"
                    name="ibytesperinterface~NeoLoad~eth4" sampling="0" unit="Mb/s"/>
                <monitor-wrapped-statistic callTime="ON_BENCH"
                    computing="0" format="NUMBER"
                    name="obytesperinterface~NeoLoad~eth4" sampling="0" unit="Mb/s"/>
            </monitor-category>
            <monitor-category
                name="wlan6 (Qualcomm QCA61x4A 802.11ac Wireless Adapter)" short-display-name="wlan6 (Qualcomm QCA61x4A 802.11ac Wireless Adapter)">
                <monitor-wrapped-statistic callTime="ON_BENCH"
                    computing="0" format="NUMBER"
                    name="ibytesperinterface~NeoLoad~wlan6" sampling="0" unit="Mb/s"/>
                <monitor-wrapped-statistic callTime="ON_BENCH"
                    computing="0" format="NUMBER"
                    name="obytesperinterface~NeoLoad~wlan6" sampling="0" unit="Mb/s"/>
            </monitor-category>
            <monitor-category
                name="eth10 (Bluetooth Device (Personal Area Network) #3)" short-display-name="eth10 (Bluetooth Device (Personal Area Network) #3)">
                <monitor-wrapped-statistic callTime="ON_BENCH"
                    computing="0" format="NUMBER"
                    name="ibytesperinterface~NeoLoad~eth10" sampling="0" unit="Mb/s"/>
                <monitor-wrapped-statistic callTime="ON_BENCH"
                    computing="0" format="NUMBER"
                    name="obytesperinterface~NeoLoad~eth10" sampling="0" unit="Mb/s"/>
            </monitor-category>
            <monitor-category
                name="eth21 (Hyper-V Virtual Ethernet Adapter)" short-display-name="eth21 (Hyper-V Virtual Ethernet Adapter)">
                <monitor-wrapped-statistic callTime="ON_BENCH"
                    computing="0" format="NUMBER"
                    name="ibytesperinterface~NeoLoad~eth21" sampling="0" unit="Mb/s"/>
                <monitor-wrapped-statistic callTime="ON_BENCH"
                    computing="0" format="NUMBER"
                    name="obytesperinterface~NeoLoad~eth21" sampling="0" unit="Mb/s"/>
            </monitor-category>
        </monitor-category>
        <monitor-category name="NeoLoad Web" short-display-name="NeoLoad Web">
            <monitor-wrapped-statistic callTime="ON_BENCH" computing="0"
                format="NUMBER" name="nlwebdownload" sampling="0" unit=""/>
            <monitor-wrapped-statistic callTime="ON_BENCH" computing="0"
                format="NUMBER" name="nlwebupload" sampling="0" unit=""/>
        </monitor-category>
        <monitor-wrapped-statistic callTime="ON_BENCH" computing="0"
            format="NUMBER" name="SapUserLoad" sampling="0" unit=""/>
    </monitor-category>
    <threshold enabled="true" uid="21f2ac02-a6c3-44ed-b15a-0a20f774194c">
        <threshold-condition durationKind="SECONDS" durationNumber="15"
            operator="GREATER_THAN" severity="LOW" valueMax="Infinity" valueMin="80.0">
            <threshold-comment language="fr">
                <threshold-content>CPU du Contrï¿½leur surchargï¿½.</threshold-content>
            </threshold-comment>
            <threshold-comment language="en">
                <threshold-content>Controller CPU high.</threshold-content>
            </threshold-comment>
        </threshold-condition>
        <threshold-condition durationKind="SECONDS" durationNumber="15"
            operator="GREATER_THAN" severity="HIGH" valueMax="Infinity" valueMin="90.0">
            <threshold-comment language="fr">
                <threshold-content>CPU du Contrï¿½leur surchargï¿½.</threshold-content>
            </threshold-comment>
            <threshold-comment language="en">
                <threshold-content>Controller CPU high.</threshold-content>
            </threshold-comment>
        </threshold-condition>
    </threshold>
    <threshold enabled="true" uid="5f635b6a-8b59-4221-a5c9-acb7e115326a">
        <threshold-condition durationKind="SECONDS" durationNumber="15"
            operator="GREATER_THAN" severity="LOW" valueMax="Infinity" valueMin="80.0">
            <threshold-comment language="fr">
                <threshold-content>Quantitï¿½ de mï¿½moire en cours d'utilisation ï¿½levï¿½e</threshold-content>
            </threshold-comment>
            <threshold-comment language="en">
                <threshold-content>Too high amount of memory used</threshold-content>
            </threshold-comment>
        </threshold-condition>
        <threshold-condition durationKind="SECONDS" durationNumber="15"
            operator="GREATER_THAN" severity="HIGH" valueMax="Infinity" valueMin="90.0">
            <threshold-comment language="fr">
                <threshold-content>Quantitï¿½ de mï¿½moire en cours d'utilisation ï¿½levï¿½e</threshold-content>
            </threshold-comment>
            <threshold-comment language="en">
                <threshold-content>Too high amount of memory used</threshold-content>
            </threshold-comment>
        </threshold-condition>
    </threshold>
    <threshold enabled="true" uid="e04d96bd-f8f0-49ef-9899-f2a764363128">
        <threshold-condition durationKind="NB_OF_TIMES"
            durationNumber="1" operator="GREATER_THAN" severity="LOW"
            valueMax="Infinity" valueMin="1.0">
            <threshold-comment language="fr">
                <threshold-content>Injecteur  dï¿½connectï¿½ &gt;= 1</threshold-content>
            </threshold-comment>
            <threshold-comment language="en">
                <threshold-content>Load Generator Diconnected &gt;=1</threshold-content>
            </threshold-comment>
        </threshold-condition>
    </threshold>
</connection-system>
<!--****** END MONITOR CONNECTIONS ******-->
<!--****** DASHBOARDS  ******-->
<!--****** END DASHBOARDS  ******-->
<!--****** RESULTS GRAPH DESC TEMPLATES ******-->
<charts-templates-description name="template.customs"/>
<!--****** END RESULTS GRAPH DESC TEMPLATES******-->
<!--****** CloudModel ******-->
<cloud-model>
    <!--****** Cloud Workgroups ******-->
    <cloud-workgroup id="a0320000009R6MnAAK" licenseMode="CLASSIC" name="PS Neotys USA"/>
    <!--******End Cloud  Workgroups ******-->
    <!--******Cloud sessions******-->
    <cloud-session architecture="MEDIUM" cost="1" duration="600"
        endDate="1633027920000" id="1633027170191" licenseMode="CLASSIC"
        name="GenDemos_2021" nlBuildNumber="20210903-38"
        nlPatchVersion="V7.11.0" owner="jeffrey.lupisella@neotys.com"
        startDate="1633027320000" status="TERMINATED" workgroupId="a0320000009R6MnAAK">
        <cloud-timezone id="America/New_York"
            longName="(GMT-05:00) Eastern Daylight Time (America/New_York)"
            mediumName="(GMT-05:00) EDT" shortName="EDT"/>
    </cloud-session>
    <cloud-session architecture="MEDIUM" cost="1" duration="540"
        endDate="1633027140000" id="1633026434892" licenseMode="CLASSIC"
        name="GenDemos_2021" nlBuildNumber="20210903-38"
        nlPatchVersion="V7.11.0" owner="jeffrey.lupisella@neotys.com"
        startDate="1633026600000" status="TERMINATED" workgroupId="a0320000009R6MnAAK">
        <cloud-timezone id="America/New_York"
            longName="(GMT-05:00) Eastern Daylight Time (America/New_York)"
            mediumName="(GMT-05:00) EDT" shortName="EDT"/>
    </cloud-session>
    <cloud-session architecture="MEDIUM" cost="1" duration="1320"
        endDate="1633026060000" id="1633024418698" licenseMode="CLASSIC"
        name="GenDemos_2021" nlBuildNumber="20210903-38"
        nlPatchVersion="V7.11.0" owner="jeffrey.lupisella@neotys.com"
        startDate="1633024740000" status="TERMINATED" workgroupId="a0320000009R6MnAAK">
        <cloud-timezone id="America/New_York"
            longName="(GMT-05:00) Eastern Daylight Time (America/New_York)"
            mediumName="(GMT-05:00) EDT" shortName="EDT"/>
    </cloud-session>
    <!--******End Cloud sessions ******-->
    <!--******Cloud lgs ******-->
    <cloud-lg createDate="1633024676000" endDate="1633026104000"
        id="1633024418698-5839" port="443"
        publicIPAddress="40.74.230.130" runningDate="1633024752000"
        sessionId="1633024418698" status="TERMINATED" zoneName="USA Central - Texas (San Antonio)"/>
    <cloud-lg createDate="1633027304000" endDate="1633027974000"
        id="1633027170191-5841" port="443"
        publicIPAddress="52.255.161.240" runningDate="1633027375000"
        sessionId="1633027170191" status="TERMINATED" zoneName="USA East - Virginia (Ashburn 2)"/>
    <cloud-lg createDate="1633026539000" endDate="1633027192000"
        id="1633026434892-5840" port="443" publicIPAddress="40.83.13.84"
        runningDate="1633026616000" sessionId="1633026434892"
        status="TERMINATED" zoneName="USA Central - Iowa (West Des Moines)"/>
    <!--******End Cloud lgs ******-->
</cloud-model>
